{
  "id": "2507244",
  "name": "skr-shop",
  "font_family": "iconfont",
  "css_prefix_text": "icon-",
  "description": "",
  "glyphs": [
    {
      "icon_id": "1111452",
      "name": "密码确认",
      "font_class": "mimaqueren",
      "unicode": "e645",
      "unicode_decimal": 58949
    },
    {
      "icon_id": "1137783",
      "name": "正确",
      "font_class": "zhengque",
      "unicode": "e679",
      "unicode_decimal": 59001
    },
    {
      "icon_id": "5532892",
      "name": "密码",
      "font_class": "mima1",
      "unicode": "e62c",
      "unicode_decimal": 58924
    },
    {
      "icon_id": "18863171",
      "name": "个人中心",
      "font_class": "gerenzhongxin",
      "unicode": "e643",
      "unicode_decimal": 58947
    },
    {
      "icon_id": "20075863",
      "name": "双箭头",
      "font_class": "shuangjiantou",
      "unicode": "e649",
      "unicode_decimal": 58953
    }
  ]
}
